time_ms,command_angle,feedback_angle,current_mA
49,90,88,3.10
100,90,88,43.50
151,90,88,38.70
202,90,88,48.40
253,90,82,65.70
305,90,88,51.30
356,90,89,65.90
407,90,88,51.30
458,90,88,46.80
509,90,88,50.40
561,90,89,46.90
612,90,87,51.10
663,90,88,46.90
714,90,89,53.50
765,90,89,47.60
817,90,89,52.90
868,90,88,46.60
919,90,88,49.00
970,90,89,46.90
1021,90,89,46.60
1073,90,87,51.10
1124,90,88,46.70
1175,90,89,67.00
1226,90,88,46.50
1277,90,88,46.70
1329,90,87,49.90
1380,90,89,47.00
1431,90,88,48.60
1482,90,89,46.50
1533,90,88,46.60
1585,90,89,49.30
1636,90,88,68.10
1687,90,89,53.30
1738,90,88,49.80
1789,90,88,49.60
1841,90,84,51.70
1892,90,87,46.70
1943,90,88,52.10
1994,90,83,55.90
2045,90,88,46.80
2097,90,89,67.20
2148,90,89,46.80
2199,90,89,54.30
2250,90,88,46.80
2301,90,88,49.70
2353,90,83,47.20
2404,90,89,42.20
2455,90,89,44.50
2506,90,89,42.90
2557,90,89,46.60
2609,90,88,47.30
2660,90,89,58.70
2711,90,89,41.90
2762,90,83,43.00
2813,90,89,39.30
2865,90,89,39.50
2916,90,89,59.40
2967,90,89,39.40
3018,90,88,39.50
3069,90,84,43.50
3121,90,88,39.50
3172,90,89,39.60
3223,90,88,42.90
3274,90,88,39.40
3325,90,83,44.40
3377,90,83,44.90
3428,90,85,40.10
3479,90,89,40.20
3530,90,89,44.70
3581,90,89,39.30
3633,90,87,39.70
3684,90,88,44.40
3735,90,88,39.20
3786,90,88,39.60
3837,90,89,41.00
3889,90,89,40.10
3940,90,88,39.70
3991,90,88,39.50
4042,90,86,42.80
4093,90,88,39.80
4145,90,88,39.70
4196,90,89,44.00
4247,90,89,40.90
4298,90,89,44.30
4349,90,88,44.40
4401,90,89,39.50
4452,90,88,42.10
4503,90,84,43.80
4554,90,88,43.70
4605,90,88,39.50
4657,20,71,379.90
4708,20,52,416.00
4759,20,37,468.20
4810,20,23,482.70
4861,20,25,108.60
4913,20,20,123.60
4964,20,21,105.40
5015,20,21,137.60
5066,20,21,127.00
5117,20,21,91.80
5169,20,20,117.50
5220,20,21,122.00
5271,20,21,119.90
5323,20,21,112.70
5375,20,21,96.30
5426,20,20,107.60
5477,20,20,113.70
5528,20,20,114.90
5579,20,20,105.70
5631,20,20,105.80
5683,20,21,108.00
5734,20,20,114.20
5785,20,20,111.40
5836,20,20,105.60
5887,20,21,106.20
5938,20,21,106.10
5989,20,21,109.80
6040,20,21,113.90
6091,20,20,108.60
6143,20,21,105.90
6194,20,21,112.70
6245,20,20,114.20
6296,20,22,120.20
6347,20,20,115.80
6399,20,20,103.20
6450,20,21,105.30
6501,20,21,105.60
6552,20,20,110.10
6603,20,20,114.10
6655,20,21,111.60
6706,20,20,106.40
6757,20,21,105.80
6808,20,21,105.80
6859,20,21,102.00
6911,20,21,109.20
6963,20,21,113.80
7014,20,20,106.80
7065,20,20,106.10
7116,20,20,89.40
7167,20,20,113.20
7218,20,20,113.80
7269,20,20,118.30
7320,20,21,113.10
7371,20,20,110.80
7423,20,20,83.50
7474,20,21,105.30
7525,20,21,95.80
7576,20,21,80.70
7627,20,20,106.00
7679,20,20,108.80
7730,20,20,111.80
7781,20,21,102.40
7832,20,21,80.40
7883,20,20,101.80
7935,20,21,101.80
7986,20,20,101.80
8037,20,20,115.30
8088,20,20,113.10
8139,20,20,114.40
8191,20,21,111.20
8242,20,21,110.50
8293,20,20,103.00
8344,20,20,100.60
8395,20,21,101.00
8447,20,21,105.80
8498,20,20,101.60
8549,20,21,101.90
8600,20,21,101.40
8651,20,20,101.50
8703,20,21,102.10
8754,20,20,102.90
8805,20,21,116.50
8856,20,21,109.00
8907,20,20,87.30
8959,20,21,107.30
9010,20,21,102.20
9061,20,20,101.60
9112,20,20,100.70
9163,20,21,101.10
9215,20,21,101.40
9266,20,21,101.20
9317,20,21,101.80
9368,20,21,101.60
9419,20,21,101.30
9471,20,20,101.40
9522,20,21,102.20
9573,20,21,102.70
9624,20,21,105.40
9675,20,20,106.60
9727,20,21,113.20
9778,20,21,111.10
9829,20,20,108.40
9880,20,21,105.90
9931,20,21,103.90
9983,20,20,101.10
10034,20,20,100.20
10085,20,20,100.50
10136,20,21,101.30
10188,20,22,101.20
10240,20,21,89.10
10291,20,20,101.60
10342,20,20,97.40
10393,20,20,101.40
10444,20,21,101.50
10495,20,21,101.10
10546,20,20,102.70
10598,20,20,106.00
10650,20,20,107.60
10701,20,20,108.60
10752,120,20,512.80
10804,120,28,426.80
10855,120,41,472.10
10907,120,53,537.20
10959,120,64,547.20
11011,120,78,522.70
11063,120,93,520.40
11115,120,104,241.20
11167,120,100,379.10
11219,120,102,384.00
11272,120,100,418.50
11324,120,104,408.70
11376,120,104,422.70
11428,120,118,362.70
11480,120,113,330.20
11532,120,102,352.50
11584,120,115,338.80
11636,120,102,343.50
11688,120,117,348.40
11741,120,102,336.80
11793,120,117,352.00
11845,120,101,329.50
11897,120,117,351.50
11949,120,118,327.60
12001,120,117,316.50
12053,120,103,297.20
12105,120,117,313.40
12157,120,103,302.60
12210,120,117,303.60
12262,120,103,312.10
12314,120,117,293.70
12366,120,105,310.70
12418,120,117,299.60
12470,120,103,289.80
12522,120,114,309.40
12574,120,117,285.40
12626,120,110,300.50
12679,120,102,345.70
12731,120,117,285.70
12783,120,103,309.50
12835,120,102,293.80
12887,120,117,292.30
12939,120,109,306.40
12991,120,117,298.10
13043,120,103,290.80
13095,120,116,304.60
13148,120,116,382.50
13200,120,102,286.40
13252,120,103,293.50
13304,120,103,299.60
13356,120,108,304.40
13408,120,111,285.00
13460,120,117,337.50
13512,120,103,298.20
13564,120,104,293.90
13617,120,108,284.10
13669,120,104,292.50
13721,120,115,304.50
13773,120,104,297.30
13825,120,103,284.90
13877,120,119,331.70
13929,120,117,296.40
13981,120,117,304.00
14033,120,117,289.20
14085,120,104,291.30
14137,120,102,291.20
14189,120,118,296.10
14241,120,104,296.70
14293,120,104,291.20
14345,120,103,284.40
14397,120,104,285.70
14449,120,119,295.30
14501,120,103,295.80
14553,120,109,291.20
14605,120,103,283.90
14657,120,103,286.10
14709,120,102,295.00
14762,120,118,295.50
14814,120,108,295.60
14866,120,104,286.00
14918,120,103,327.30
14970,120,103,284.70
15022,120,117,298.90
15074,120,103,294.80
15126,120,102,294.90
15178,120,117,295.00
15231,120,102,285.40
15283,120,117,283.30
15335,120,116,284.00
15387,120,109,291.20
15439,120,117,294.10
15491,120,103,294.40
15543,120,104,294.80
15595,120,101,288.70
15647,120,103,282.40
15699,120,113,283.00
15752,120,117,286.90
15804,120,103,293.00
15856,120,105,293.90
15908,120,109,294.00
15960,120,117,293.80
16012,120,116,294.20
16064,120,118,294.10
16116,120,118,292.40
16168,120,113,285.50
16221,120,117,282.00
16273,120,117,282.40
16325,120,104,282.40
16377,120,117,289.00
16429,120,108,293.00
16481,120,106,292.80
16533,120,103,293.00
16585,120,117,293.40
16637,120,117,311.90
16690,120,103,293.50
16742,120,103,290.90
16794,120,104,288.90
16846,120,103,286.30
16898,120,104,282.30
16950,120,104,281.60
17002,120,104,281.30
17054,120,104,281.40
17106,120,104,281.40
17159,120,117,281.60
17211,120,104,281.90
17263,20,103,448.70
17315,20,89,382.10
17366,20,74,468.80
17417,20,59,486.40
17468,20,45,517.00
17519,20,33,500.60
17571,20,20,531.50
17623,20,24,124.80
17675,20,20,140.00
17726,20,22,171.80
17778,20,21,112.90
17830,20,20,124.30
17881,20,21,125.50
17932,20,20,125.30
17983,20,21,118.70
18035,20,20,129.00
18087,20,20,110.60
18138,20,21,114.40
18189,20,21,112.60
18241,20,20,107.10
18292,20,21,114.30
18343,20,21,107.20
18394,20,21,114.90
18445,20,20,107.50
18496,20,21,114.70
18548,20,20,107.10
18600,20,20,112.50
18652,20,20,107.50
18703,20,21,111.00
18755,20,20,107.30
18807,20,20,108.30
18858,20,21,108.10
18909,20,20,115.40
18961,20,21,113.00
19013,20,20,116.50
19064,20,21,114.50
19115,20,21,109.00
19166,20,20,111.80
19218,20,21,106.80
19270,20,20,111.10
19321,20,20,108.70
19372,20,21,108.70
19423,20,21,107.40
19475,20,20,108.00
19527,20,20,109.50
19579,20,20,106.80
19630,20,20,114.40
19681,20,21,107.10
19733,20,20,114.70
19785,20,21,107.10
19836,20,21,113.70
19887,20,20,107.30
19938,20,21,82.50
19989,20,21,110.60
20041,20,21,92.50
20092,20,21,110.20
20143,20,20,102.40
20194,20,20,109.00
20246,20,21,108.40
20298,20,20,103.30
20351,20,20,115.20
20402,20,20,102.90
20453,20,21,113.40
20505,20,20,102.20
20557,20,20,110.90
20609,20,21,102.60
20661,20,20,102.00
20712,20,20,110.10
20763,20,21,98.70
20814,20,20,111.00
20866,20,21,103.30
20918,20,21,104.00
20969,20,20,108.00
21020,20,21,103.40
21072,20,20,110.00
21124,20,20,103.20
21175,20,20,102.90
21226,20,21,109.30
21277,20,21,81.00
21328,20,21,109.70
21379,20,20,103.30
21430,20,20,103.40
21482,20,21,116.50
21534,20,21,104.50
21586,20,21,110.60
21637,20,21,84.80
21688,20,21,102.40
21740,20,20,97.50
21791,20,21,102.60
21842,20,21,100.20
21895,20,21,106.10
21947,20,21,102.50
21999,20,20,110.80
22051,20,21,103.40
22103,20,20,97.60
22154,20,21,110.80
22206,20,20,102.90
22258,20,20,104.10
22309,20,21,107.40
22360,20,20,103.10
22411,20,21,108.80
22462,20,21,103.50
22513,20,20,103.10
22565,20,20,110.40
22617,20,21,102.90
22669,20,21,102.90
22720,20,21,110.50
22771,20,20,103.20
22823,20,21,99.10
22874,20,21,117.80
22925,20,20,107.90
22976,20,20,105.80
23027,20,21,113.90
23079,20,20,78.50
23130,20,20,106.40
23181,20,20,108.90
23232,20,21,91.30
23283,20,20,107.50
23334,20,20,101.50
23385,20,21,102.70
23436,20,20,84.50
23487,20,20,103.10
23538,20,21,98.90
23589,20,20,110.30
23641,20,20,88.00
23692,20,20,99.90
23743,20,20,89.40
23794,20,21,104.20
23845,20,20,100.40
23896,20,20,98.30
23947,20,21,94.90
23998,20,21,99.80
24049,20,21,99.50
24100,20,20,95.10
24151,20,21,102.40
24203,20,21,95.80
24254,20,21,95.20
24306,20,20,105.50
24357,20,20,95.40
24408,20,21,95.30
24459,20,20,101.30
24511,20,21,99.00
24562,20,21,75.80
24613,20,21,113.60
24664,20,21,97.20
24715,20,21,76.00
24766,20,20,107.40
24817,20,20,98.90
24868,20,21,94.70
24919,120,20,482.30
24971,120,29,398.90
25023,120,43,469.30
25075,120,53,527.50
25127,120,65,518.90
25180,120,78,499.70
25232,120,90,516.30
25284,120,106,199.10
25336,120,100,341.30
25388,120,103,321.50
25440,120,101,398.20
25492,120,100,392.40
25544,120,117,350.00
25596,120,102,318.80
25649,120,104,321.70
25701,120,108,323.80
25753,120,117,322.30
25805,120,103,309.70
25857,120,103,315.00
25909,120,103,322.20
25961,120,118,322.60
26013,120,117,317.10
26065,120,103,309.60
26117,120,116,316.10
26169,120,103,321.10
26221,120,103,321.10
26273,120,102,321.50
26325,120,117,318.20
26377,120,104,311.60
26429,120,103,308.60
26481,120,118,309.00
26533,120,102,310.10
26585,120,105,313.10
26637,120,103,283.90
26689,120,103,285.60
26741,120,117,287.30
26794,120,117,287.70
26846,120,117,287.20
26898,120,116,287.30
26950,120,118,287.40
27002,120,103,287.50
27054,120,117,287.20
27106,120,104,287.30
27158,120,103,287.10
27210,120,117,286.60
27263,120,117,286.80
27315,120,106,286.70
27367,120,102,286.30
27419,120,118,286.50
27471,120,103,286.20
27523,120,114,286.10
27575,120,103,286.30
27627,120,104,285.60
27679,120,103,285.90
27731,120,103,285.20
27784,120,104,285.50
27836,120,110,285.50
27888,120,103,283.80
27940,120,103,281.90
27992,120,117,282.20
28044,120,117,281.20
28096,120,117,277.00
28148,120,107,277.40
28200,120,104,275.10
28253,120,104,274.50
28305,120,103,274.30
28357,120,102,274.20
28409,120,103,273.70
28461,120,104,273.80
28513,120,103,274.70
28565,120,116,278.90
28617,120,116,283.30
28669,120,117,284.80
28722,120,117,285.20
28774,120,118,284.80
28826,120,103,285.00
28878,120,102,284.60
28930,120,117,284.10
28982,120,105,284.40
29034,120,104,283.80
29086,120,104,281.80
29138,120,104,279.20
29191,120,117,273.90
29243,120,117,273.40
29295,120,117,272.80
29347,120,104,274.10
29399,120,104,281.30
29451,120,104,284.60
29503,120,104,283.80
29555,120,104,283.30
29607,120,118,250.30
29660,120,104,244.90
29712,120,113,238.40
29764,120,105,239.50
29816,120,105,248.80
29868,120,104,248.60
29920,120,116,248.00
29972,120,104,269.60
30024,120,104,238.10
30076,120,104,253.10
30129,120,117,246.10
30181,120,117,248.10
30233,120,116,248.40
30285,120,118,248.00
30337,120,117,266.90
30389,120,105,259.00
30441,120,104,254.80
30493,120,117,237.20
30545,120,117,245.40
30597,120,117,252.10
30649,120,105,260.80
30701,120,105,266.30
30753,120,105,266.80
30805,120,117,254.30
30857,120,119,239.00
30909,120,117,241.10
30961,120,115,249.50
31013,120,104,262.70
31065,120,105,256.70
31117,120,108,253.10
31169,120,118,243.30
31221,120,117,236.10
31274,120,116,242.50
31326,120,104,251.30
31378,120,104,260.10
31430,120,105,258.10
31482,120,117,254.90
31534,120,116,244.60
31586,120,119,235.60
31638,120,103,239.00
31690,120,105,246.40
31743,120,105,254.50
31795,120,117,256.00
31847,120,117,256.00
31899,120,104,247.30
31951,120,109,241.60
32003,120,118,234.80
32055,120,104,235.80
32107,120,105,242.30
32159,120,119,251.40
32211,120,105,256.10
32264,120,104,252.90
32316,120,104,251.40
32368,120,109,237.50
32420,120,118,235.10
32472,120,117,235.40
32524,120,117,243.20
32576,120,117,251.30
32628,120,118,249.50
32680,120,117,245.00
32733,120,117,238.80
32785,120,119,234.10
32837,20,101,417.10
32889,20,89,396.80
32940,20,69,471.10
32991,20,55,494.20
33042,20,43,477.60
33093,20,31,488.50
33144,20,20,492.50
33195,20,24,137.20
33246,20,22,127.80
33297,20,21,130.50
33348,20,20,130.60
33400,20,20,102.50
33451,20,20,117.60
33502,20,21,117.10
33553,20,21,125.80
33605,20,21,129.30
33657,20,20,123.10
33708,20,21,111.50
33759,20,20,105.20
33810,20,20,104.90
33861,20,21,110.10
33913,20,20,116.50
33965,20,21,108.40
34017,20,20,104.50
34068,20,21,104.70
34119,20,21,107.60
34171,20,21,113.50
34222,20,21,80.50
34273,20,21,104.90
34325,20,21,107.70
34377,20,21,112.00
34428,20,20,104.90
34479,20,20,104.80
34530,20,20,112.10
34581,20,21,105.30
34632,20,21,105.20
34684,20,21,107.00
34737,20,20,111.40
34788,20,21,105.10
34839,20,21,104.90
34890,20,20,117.30
34941,20,20,106.10
34993,20,20,109.70
35044,20,21,117.90
35095,20,20,109.60
35146,20,21,100.50
35197,20,20,106.20
35250,20,20,113.10
35302,20,20,104.20
35353,20,20,104.90
35404,20,20,108.50
35456,20,21,105.20
35508,20,21,101.00
35560,20,20,84.00
35611,20,21,101.20
35662,20,21,101.40
35713,20,20,108.40
35764,20,20,85.20
35815,20,20,103.20
35867,20,21,98.20
35918,20,20,101.70
35970,20,21,113.50
36022,20,21,104.00
36074,20,21,102.70
36125,20,20,98.50
36176,20,21,107.00
36228,20,20,112.80
36280,20,20,102.30
36331,20,21,112.70
36382,20,20,77.40
36433,20,20,102.00
36484,20,20,82.30
36535,20,20,97.30
36586,20,20,100.00
36637,20,21,103.00
36688,20,20,101.50
36739,20,20,108.50
36790,20,20,101.40
36842,20,21,77.50
36893,20,21,107.00
36944,20,21,96.30
36995,20,21,115.30
37047,20,21,99.40
37098,20,20,107.80
37149,20,21,109.00
37201,20,21,78.40
37252,20,20,87.10
37303,20,21,100.90
37354,20,21,61.90
37405,20,21,97.20
37456,20,21,103.20
37508,20,20,97.70
37559,20,20,101.60
37610,20,20,101.50
37661,20,20,101.70
37712,20,20,108.70
37764,20,21,77.70
37815,20,20,108.20
37866,20,21,77.50
37917,20,21,114.30
37969,20,21,98.40
38020,20,20,109.80
38071,20,20,101.10
38123,20,21,100.10
38175,20,20,112.50
38226,20,20,77.40
38277,20,20,109.10
38328,20,20,97.40
38379,20,21,109.20
38431,20,21,97.40
38482,20,20,104.20
38535,20,20,97.60
38586,20,20,107.60
38638,20,21,98.00
38689,20,21,108.00
38741,20,20,98.10
38792,20,20,101.00
38843,20,20,101.50
38894,20,21,98.40
38945,20,21,98.00
38997,20,21,96.60
39049,20,21,100.80
39100,20,21,108.70
39152,20,21,82.90
39203,20,21,85.60
39254,20,21,104.80
39306,20,20,100.80
39358,20,20,104.90
39409,20,20,100.60
39460,20,21,81.40
39511,20,20,97.60
39562,20,21,103.40
39613,20,21,97.90
39664,20,20,104.00
39716,20,20,98.00
39767,20,20,104.60
39819,20,20,98.30
39870,20,20,108.60
39921,20,20,97.80
39972,20,20,102.10
40023,20,21,97.80
40074,20,21,111.30
40126,20,21,101.40
40177,20,21,107.30
40228,20,21,110.90
40279,20,20,98.60
40330,20,20,106.50
40382,20,21,101.20
40433,120,20,486.50
40485,120,27,411.50
40537,120,41,437.90
40589,120,50,522.70
40641,120,63,531.10
40693,120,75,514.30
40746,120,88,508.00
40798,120,113,297.80
40850,120,101,307.80
40902,120,116,392.50
40954,120,116,390.80
41006,120,101,379.10
41058,120,113,352.10
41110,120,101,335.00
41162,120,118,330.50
41215,120,118,324.50
41267,120,117,329.50
41319,120,101,328.60
41371,120,102,331.60
41423,120,102,330.00
41475,120,117,332.20
41527,120,103,332.20
41579,120,103,330.10
41631,120,117,327.30
41683,120,117,324.40
41736,120,109,323.00
41788,120,101,322.60
41840,120,114,327.20
41892,120,117,331.50
41944,120,103,337.00
41996,120,106,336.50
42048,120,102,336.60
42100,120,117,336.10
42152,120,102,331.00
42205,120,113,322.80
42257,120,117,322.50
42309,120,102,332.70
42361,120,117,336.10
42413,120,117,334.70
42465,120,117,326.60
42517,120,101,322.60
42569,120,117,299.90
42621,120,108,308.80
42674,120,103,307.90
42726,120,103,304.00
42778,120,117,295.70
42830,120,103,302.90
42882,120,102,307.80
42934,120,103,306.90
42986,120,117,296.00
43038,120,103,295.80
43090,120,103,307.80
43143,120,103,306.90
43195,120,117,298.10
43247,120,117,296.40
43299,120,116,307.00
43351,120,116,304.80
43403,120,103,295.20
43455,120,103,303.80
43507,120,117,306.30
43559,120,115,296.10
43612,120,117,297.00
43664,120,118,305.80
43716,120,103,301.80
43768,120,117,294.20
43820,120,116,306.10
43872,120,107,298.90
43924,120,117,295.00
43976,120,116,305.50
44028,120,102,299.70
44081,120,102,294.20
44133,120,102,305.20
44185,120,117,297.50
44237,120,117,298.20
44289,120,103,304.80
44341,120,103,294.80
44393,120,104,297.80
44445,120,117,304.70
44497,120,102,294.30
44549,120,103,296.80
44601,120,106,304.80
44653,120,117,294.60
44705,120,103,296.80
44757,120,102,304.70
44809,120,117,295.00
44861,120,102,296.80
44913,120,115,304.20
44965,120,114,293.90
45017,120,102,297.70
45069,120,103,304.00
45121,120,117,293.80
45173,120,104,268.00
45226,120,104,275.40
45278,120,104,265.80
45330,120,117,265.90
45382,120,112,275.40
45434,120,104,268.90
45486,120,109,264.30
45538,120,116,275.10
45590,120,117,258.80
45642,20,101,394.00
45695,20,85,390.10
45746,20,67,478.70
45797,20,54,488.00
45848,20,42,474.00
45899,20,30,511.90
45951,20,20,514.10
46003,20,24,128.80
46055,20,20,141.10
46106,20,22,160.60
46157,20,20,141.00
46209,20,21,130.20
46261,20,20,128.40
46313,20,21,124.40
46365,20,21,123.30
46416,20,21,114.30
46467,20,21,111.20
46518,20,21,109.60
46570,20,21,108.30
46622,20,20,111.50
46673,20,21,112.90
46724,20,20,112.50
46775,20,21,112.20
46827,20,20,111.60
46879,20,21,109.30
46931,20,20,105.80
46983,20,21,104.70
47034,20,20,104.90
47085,20,20,104.90
47136,20,20,104.90
47189,20,20,106.00
47241,20,22,111.20
47292,20,21,111.10
47344,20,21,105.50
47396,20,20,104.70
47448,20,21,104.80
47500,20,20,105.00
47551,20,21,110.00
47603,20,21,112.10
47654,20,20,106.60
47706,20,21,106.90
47758,20,20,114.90
47810,20,20,105.40
47862,20,20,111.50
47914,20,20,109.30
47965,20,21,80.70
48016,20,20,106.40
48067,20,21,113.30
48118,20,20,118.10
48170,20,21,110.90
48221,20,20,103.40
48273,20,20,104.00
48325,20,21,108.00
48376,20,21,112.70
48428,20,20,106.80
48480,20,20,104.30
48532,20,21,104.30
48583,20,20,104.80
48635,20,21,111.60
48686,20,21,82.30
48737,20,21,104.20
48789,20,20,104.80
48841,20,20,104.90
48892,20,21,110.90
48943,20,21,85.20
48994,20,20,104.30
49046,20,21,104.80
49098,20,20,105.00
49149,20,20,111.70
49201,20,20,87.30
49252,20,20,106.80
49304,20,20,91.50
49355,20,20,118.80
49407,20,21,111.70
49458,20,20,105.10
49509,20,21,105.90
49560,20,20,112.10
49612,20,20,110.60
49664,20,20,103.70
49716,20,20,104.40
49767,20,21,109.30
49818,20,21,106.50
49870,20,21,104.60
49922,20,20,106.90
49974,20,20,112.00
50025,20,21,80.10
50076,20,21,105.00
50128,20,21,110.40
50179,20,21,106.40
50230,20,21,102.10
50281,20,20,105.00
50332,20,20,112.20
50384,20,20,104.50
50436,20,20,104.90
50488,20,20,111.70
50539,20,20,105.90
50590,20,21,111.70
50641,20,20,92.50
50692,20,20,107.40
50744,20,20,80.50
50795,20,21,109.10
50846,20,21,104.80
50897,20,21,104.10
50948,20,20,109.70
50999,20,20,106.20
51050,20,21,104.30
51101,20,20,110.90
51152,20,21,104.70
51203,20,21,104.90
51254,20,20,111.80
51306,20,20,104.70
51358,20,20,104.80
51410,20,20,111.90
51461,20,20,104.70
51512,20,20,119.40
51563,20,21,114.50
51615,20,21,105.50
51667,20,21,117.20
51719,20,21,111.60
51770,20,21,105.50
51821,20,20,114.90
51873,20,21,104.30
51925,20,21,106.70
51976,120,20,478.00
52028,120,27,409.70
52080,120,41,425.80
52132,120,53,514.60
52184,120,62,521.90
52236,120,76,508.50
52288,120,87,503.50
52340,120,102,286.90
52392,120,102,295.20
52445,120,117,456.40
52497,120,102,372.40
52549,120,101,355.10
52601,120,105,350.60
52653,120,117,343.50
52705,120,117,342.10
52757,120,116,337.30
52809,120,117,341.30
52861,120,117,337.30
52914,120,117,334.40
52966,120,104,309.00
53018,120,103,310.40
53070,120,103,306.20
53122,120,102,299.30
53174,120,103,294.10
53226,120,116,292.50
53278,120,103,300.80
53330,120,103,307.00
53383,120,103,307.70
53435,120,103,306.50
53487,120,103,298.10
53539,120,103,293.00
53591,120,102,297.30
53643,120,107,306.50
53695,120,103,305.50
53747,120,116,296.30
53799,120,118,293.00
53852,120,118,301.80
53904,120,102,305.50
53956,120,103,301.90
54008,120,118,292.30
54060,120,117,300.80
54112,120,114,304.90
54164,120,104,301.80
54216,120,117,293.30
54268,120,111,302.20
54321,120,102,304.10
54373,120,118,296.30
54425,120,103,293.50
54477,120,118,303.80
54529,120,117,297.50
54581,120,103,293.00
54633,120,117,304.10
54685,120,104,297.70
54737,120,103,293.10
54789,120,104,303.70
54841,120,118,300.80
54893,120,103,291.90
54945,120,117,289.20
54997,120,117,269.00
55049,120,104,258.90
55101,120,117,265.80
55153,120,117,269.10
55205,120,104,259.90
55257,120,104,252.10
55309,120,117,281.80
55361,120,103,260.20
55413,120,117,252.00
55466,120,117,262.60
55518,120,104,261.40
55570,120,117,251.60
55622,120,103,263.40
55674,120,110,259.10
55726,120,117,251.30
55778,120,105,262.30
55830,120,117,254.30
55882,120,103,255.70
55935,120,104,261.50
55987,120,104,251.30
56039,120,105,261.60
56091,120,117,254.80
56143,120,104,251.70
56195,120,105,261.40
56247,120,118,254.50
56299,120,109,251.10
56351,120,119,261.00
56403,120,104,253.50
56456,120,104,253.80
56508,120,117,260.90
56560,120,104,250.70
56612,120,118,255.10
56664,120,117,251.00
56716,120,104,244.20
56768,120,118,248.80
56820,120,105,240.50
56872,120,105,238.60
56925,120,104,289.70
56977,120,117,238.70
57029,120,118,249.90
57081,120,105,248.30
57133,120,117,238.80
57185,120,118,286.70
57237,120,105,248.20
57289,120,117,238.30
57341,120,118,247.80
57394,120,117,246.70
57446,20,101,398.20
57498,20,84,397.80
57550,20,68,468.90
57602,20,53,493.10
57654,20,42,488.20
57706,20,29,481.60
57758,20,20,489.70
57809,20,23,84.90
57860,20,22,141.30
57912,20,20,159.40
57963,20,21,135.80
58014,20,21,131.80
58066,20,20,106.30
58119,20,21,134.00
58170,20,21,100.40
58221,20,21,127.00
58272,20,21,122.80
58325,20,21,96.10
58376,20,20,123.30
58427,20,20,119.30
58478,20,20,120.00
58530,20,21,117.60
58581,20,20,115.80
58632,20,20,114.50
58683,20,20,113.60
58734,20,21,111.00
58785,20,20,108.00
58837,20,20,107.60
58889,20,20,107.80
58940,20,21,107.90
58991,20,20,108.00
59042,20,20,108.20
59094,20,21,108.20
59145,20,21,124.00
59197,20,20,113.60
59248,20,21,119.40
59299,20,21,113.80
59351,20,20,108.20
59403,20,21,108.10
59455,20,21,109.00
59507,20,21,117.10
59558,20,21,121.90
59609,20,20,117.10
59660,20,21,109.90
59712,20,20,107.00
59763,20,20,88.50
59814,20,21,107.50
59866,20,20,109.60
59918,20,21,110.40
59969,20,20,103.70
60020,20,21,103.80
60071,20,21,104.00
60122,20,21,109.90
60174,20,20,110.90
60226,20,20,104.30
60278,20,20,104.00
60330,20,21,104.00
60381,20,20,110.50
60433,20,21,107.80
60485,20,20,103.90
60537,20,21,104.10
60588,20,20,106.90
60639,20,21,113.60
60690,20,20,105.00
60741,20,20,104.40
60793,20,20,114.50
60845,20,20,113.50
60897,20,20,104.70
60949,20,21,104.60
61000,20,20,110.40
61052,20,20,113.20
61105,20,20,80.50
61156,20,20,104.10
61207,20,21,86.70
61258,20,20,111.60
61309,20,20,103.10
61361,20,20,103.80
61412,20,20,105.60
61463,20,20,110.20
61514,20,21,103.90
61567,20,21,104.20
61619,20,21,108.10
61671,20,21,106.00
61722,20,21,104.00
61773,20,21,100.20
61825,20,20,103.50
61877,120,20,481.20
61929,120,27,399.80
61981,120,42,421.20
62033,120,51,517.40
62085,120,63,515.50
62136,120,75,509.90
62188,120,89,504.50
62240,120,112,281.80
62293,120,115,298.20
62345,120,100,400.30
62397,120,102,325.90
62449,120,118,343.50
62501,120,117,335.00
62553,120,103,327.90
62605,120,103,321.10
62657,120,117,319.20
62709,120,117,318.80
62762,120,116,325.40
62814,120,117,331.20
62866,120,117,330.40
62918,120,117,329.70
62970,120,116,321.80
63022,120,116,317.80
63074,120,102,318.60
63126,120,102,367.30
63178,120,103,321.90
63231,120,104,311.30
63283,120,111,317.50
63335,120,102,322.30
63387,120,103,316.50
63439,120,105,310.50
63491,120,117,329.20
63543,120,111,353.20
63595,120,112,263.10
63647,120,117,265.90
63699,120,103,287.30
63752,120,104,251.20
63804,120,116,269.10
63856,120,117,260.30
63908,120,103,263.90
63960,120,104,268.90
64012,120,105,258.70
64064,120,117,260.10
64116,120,104,261.10
64168,120,118,278.20
64221,120,105,261.50
64273,120,117,272.50
64325,120,107,275.60
64377,120,104,260.20
64429,120,104,271.20
64481,120,104,272.80
64533,120,104,255.00
64585,120,104,272.00
64637,120,106,273.80
64690,120,117,258.10
64742,120,116,266.70
64794,120,104,279.60
64846,120,117,254.80
64898,120,117,263.70
64950,120,104,272.80
65002,20,102,419.10
65054,20,86,403.70
65105,20,70,488.30
65157,20,55,491.60
65209,20,42,503.60
65261,20,30,490.00
65313,20,20,508.70
65365,20,23,137.20
65416,20,20,136.40
65467,20,20,132.60
65518,20,21,104.90
65569,20,20,117.10
65621,20,20,118.40
65672,20,21,93.30
65723,20,21,115.10
65774,20,21,114.80
65825,20,20,86.60
65877,20,20,106.80
65928,20,20,107.40
65979,20,21,107.30
66030,20,21,103.40
66081,20,21,103.80
66133,20,21,103.70
66184,20,20,113.00
66236,20,21,103.70
66287,20,20,118.60
66338,20,20,118.30
66389,20,20,116.70
66440,20,21,116.00
66491,20,21,111.80
66543,20,20,109.30
66595,20,21,105.40
66646,20,21,102.80
66697,20,21,103.00
66748,20,21,103.40
66800,20,20,103.50
66852,20,20,105.90
66903,20,20,110.50
66954,20,20,109.10
67005,20,21,104.80
67057,20,20,103.80
67109,20,21,103.90
67160,20,21,103.90
67211,20,21,105.10
67262,20,21,110.30
67313,20,21,110.20
67364,20,21,105.10
67416,20,21,104.60
67468,20,21,112.10
67520,20,21,118.10
67571,20,20,113.90
67622,20,20,69.80
67673,20,21,99.70
67724,20,20,99.20
67775,20,21,102.20
67827,20,21,107.60
67879,20,20,103.10
67930,20,20,100.20
67982,20,20,99.70
68033,20,21,101.10
68085,20,20,106.50
68138,20,20,105.30
68190,20,20,90.50
68241,20,21,99.80
68292,20,20,99.90
68343,20,20,102.50
68394,20,21,106.30
68445,120,20,473.70
68497,120,28,391.10
68549,120,43,454.30
68601,120,52,514.60
68653,120,64,509.10
68705,120,79,498.70
68757,120,89,500.10
68809,120,114,221.80
68861,120,101,326.70
68914,120,100,416.80
68966,120,101,354.90
69018,120,102,343.50
69070,120,109,342.30
69122,120,102,328.80
69174,120,115,319.20
69226,120,117,354.90
69278,120,118,321.00
69330,120,102,366.20
69383,120,118,306.20
69435,120,103,298.00
69487,120,104,309.60
69539,120,116,308.70
69591,120,117,298.10
69643,120,102,307.10
69695,120,103,308.60
69747,120,114,298.00
69799,120,102,306.10
69852,120,103,308.20
69904,120,116,297.90
69956,120,116,313.30
70008,120,117,307.80
70060,120,110,297.60
70112,120,116,316.70
70164,120,116,307.40
70216,120,117,312.20
70268,120,117,308.60
70321,120,103,331.50
70373,120,117,297.40
70425,120,113,307.60
70477,120,105,296.70
70529,120,116,315.70
70581,120,117,328.70
70633,120,103,307.30
70685,120,107,325.80
70737,120,117,319.00
70789,120,118,315.50
70841,120,104,319.50
70893,120,102,311.90
70945,120,116,324.70
70997,120,117,303.80
71049,120,103,321.00
71101,120,117,299.50
71153,120,106,325.50
71205,120,101,304.20
71257,120,103,317.00
71309,120,102,307.50
71361,120,104,308.30
71413,120,118,313.70
71466,120,103,301.70
71518,120,103,320.00
71570,120,117,299.00
71622,120,103,321.00
71674,120,117,300.80
71726,120,102,316.90
71778,120,117,299.30
71830,120,108,323.40
71882,120,103,294.30
71935,120,103,320.80
71987,120,103,299.50
72039,120,118,319.30
72091,120,103,299.10
72143,120,103,320.80
72195,120,103,296.70
72247,120,118,315.60
72299,120,103,297.60
72351,120,103,319.70
72403,120,117,295.30
72456,120,103,321.30
72508,120,103,296.10
72560,120,105,321.70
72612,120,102,295.40
72664,120,104,316.90
72716,20,104,442.30
72768,20,88,375.30
72820,20,71,456.60
72872,20,58,490.50
72924,20,43,500.20
72975,20,32,491.80
73026,20,20,482.10
73077,20,20,135.90
73128,20,20,143.40
73181,20,20,162.80
73233,20,21,103.90
73284,20,21,95.70
73335,20,20,122.10
73387,20,21,124.90
73439,20,20,120.60
73490,20,21,88.40
73541,20,20,106.10
73593,20,21,105.70
73645,20,20,110.00
73697,20,21,113.30
73748,20,21,111.00
73799,20,21,106.40
73851,20,22,106.40
73903,20,21,106.10
73955,20,21,105.80
74006,20,21,89.70
74057,20,20,111.40
74109,20,20,109.60
74162,20,21,113.10
74213,20,20,88.10
74264,20,21,118.00
74316,20,20,122.20
74368,20,20,120.80
74420,20,20,117.30
74471,20,20,118.70
74522,20,20,113.40
74573,20,21,109.60
74624,20,21,102.70
74675,20,21,82.00
74726,20,20,81.70
74777,20,21,102.60
74829,20,20,102.60
74881,20,20,102.80
74933,20,20,102.40
74984,20,20,102.70
75035,20,21,98.90
75086,20,20,102.50
75137,20,21,100.80
75189,20,21,81.00
75240,20,20,103.70
75291,20,20,105.50
75343,20,20,105.80
75395,20,21,104.90
75446,20,21,101.70
75497,20,21,103.70
75549,20,21,101.20
75601,20,21,100.50
75652,20,20,99.30
75703,20,20,99.10
75754,20,21,99.10
75805,20,20,98.70
75856,20,21,98.70
75907,20,20,86.40
75958,20,21,102.90
76009,20,21,99.10
76060,20,21,99.80
76111,20,21,101.70
76162,20,20,104.80
76213,20,21,106.00
76264,20,21,103.90
76316,120,20,442.00
76367,120,26,400.70
76419,120,40,459.00
76471,120,50,548.40
76523,120,62,510.70
76575,120,74,505.10
76627,120,87,497.10
76680,120,105,301.20
76732,120,102,307.80
76784,120,100,391.20
76836,120,102,351.80
76888,120,102,337.40
76940,120,116,348.20
76992,120,116,338.40
77044,120,103,333.50
77096,120,117,315.60
77149,120,103,280.30
77201,120,104,301.00
77253,120,117,284.10
77305,120,102,297.20
77357,120,105,283.80
77409,120,117,307.60
77461,120,103,291.00
77513,120,103,287.10
77565,120,116,305.30
77618,120,117,285.70
77670,120,118,284.30
77722,120,102,301.70
77774,120,103,282.70
77826,120,102,298.50
77878,120,103,287.70
77930,120,104,283.90
77982,120,104,308.60
78034,120,118,280.50
78087,120,103,297.00
78139,120,107,294.30
78191,120,117,284.30
78243,120,117,303.20
78295,120,103,274.10
78347,120,116,299.10
78399,120,103,296.60
78451,120,111,311.30
78503,120,104,270.70
78556,120,117,256.00
78608,120,116,280.40
78660,120,104,253.50
78712,120,117,273.80
78764,120,118,256.20
78816,120,118,258.50
78868,120,105,273.80
78920,120,117,250.30
78972,120,105,278.00
79025,120,103,250.30
79077,120,117,271.10
79129,120,105,255.70
79181,120,117,267.50
79233,120,117,257.50
79285,120,105,259.70
79337,120,116,266.00
79389,120,104,249.90
79441,120,117,269.30
79493,120,117,247.50
79545,120,118,270.80
79597,120,105,242.90
79649,120,117,254.50
79701,120,104,236.60
79753,120,118,254.60
79805,120,105,243.50
79857,120,117,244.80
79909,120,104,287.80
79961,120,118,240.80
80013,120,104,244.60
80065,120,117,237.60
80117,120,105,247.30
80170,120,117,234.30
80222,120,105,249.00
80274,120,117,234.40
80326,120,116,249.10
80378,120,113,233.80
80430,120,105,249.00
80482,120,117,233.90
80534,120,104,246.70
80586,120,117,237.00
80639,120,105,206.90
80691,120,117,212.50
80743,120,117,204.10
80795,120,106,213.00
80847,120,116,202.70
80899,120,117,214.00
80951,120,106,202.10
81003,120,118,210.20
81055,120,106,202.50
81107,120,117,215.80
81160,120,106,197.10
81212,120,117,246.90
81264,120,106,198.60
81316,120,118,201.70
81368,120,118,205.60
81420,120,106,197.30
81472,120,117,208.30
81524,120,117,197.00
81576,120,106,203.90
81629,120,108,238.30
81681,120,119,197.60
81733,120,106,208.60
81785,120,108,196.70
81837,120,105,230.00
81889,120,117,220.20
81941,120,105,219.70
81993,120,117,228.80
82045,120,111,218.00
82098,120,117,212.00
82150,120,106,206.90
82202,120,117,201.90
82254,120,117,213.10
82306,120,106,202.60
82358,120,116,212.50
82410,120,106,203.30
82462,120,117,206.20
82514,120,111,212.10
82567,120,116,202.40
82619,120,117,210.80
82671,120,106,209.20
82723,120,117,201.60
82775,120,117,211.80
82827,120,112,203.40
82879,120,106,204.00
82931,120,117,211.00
82983,120,117,201.90
83036,120,106,211.90
83088,120,117,205.90
83140,120,106,202.10
83192,120,117,212.10
83244,120,117,203.00
83296,120,106,205.40
83348,120,117,211.10
83400,120,106,202.20
83452,120,118,211.60
83505,120,106,203.00
83557,120,117,208.90
83609,120,105,208.70
83661,120,117,201.90
83713,120,119,211.40
83765,20,102,414.50
83817,20,87,381.30
83868,20,70,451.80
83919,20,56,474.20
83970,20,44,468.00
84021,20,31,474.40
84073,20,22,498.10
84125,20,20,127.70
84177,20,22,138.70
84228,20,20,165.40
84279,20,21,109.90
84330,20,20,125.60
84381,20,20,105.00
84433,20,20,114.30
84484,20,21,117.20
84535,20,20,114.60
84587,20,20,113.90
84639,20,21,119.80
84691,20,20,120.40
84743,20,20,115.50
84794,20,20,111.70
84845,20,20,103.40
84897,20,20,77.50
84949,20,21,102.10
85000,20,22,102.20
85052,20,21,95.10
85103,20,21,107.30
85154,20,20,108.40
85206,20,21,109.30
85258,20,20,109.60
85310,20,21,109.70
85361,20,20,84.00
85412,20,20,100.20
85463,20,21,104.20
85514,20,20,102.30
85565,20,21,103.50
85617,20,20,103.30
85669,20,20,79.30
85720,20,20,99.10
85771,20,20,88.80
85822,20,20,114.90
85873,20,20,104.60
85925,20,21,105.40
85977,20,20,108.00
86029,20,21,106.30
86080,20,20,105.30
86131,20,20,101.20
86183,20,20,101.00
86236,20,21,102.10
86287,20,20,98.50
86338,20,20,102.50
86389,20,21,104.40
86442,20,20,107.30
86494,20,20,110.00
86545,20,21,110.40
86596,20,21,109.20
86647,20,20,106.40
86698,20,21,102.60
86750,20,20,102.50
86802,20,20,102.90
86854,20,21,102.90
86905,20,20,102.70
86956,20,20,99.30
87007,20,20,99.20
87058,20,20,101.00
87109,20,21,98.50
87160,20,21,112.60
87212,20,21,110.10
87264,20,20,106.70
87315,20,20,101.90
87366,20,21,99.50
87418,20,21,99.40
87469,20,20,98.80
87520,20,21,98.80
87571,20,20,99.00
87622,20,20,99.00
87673,20,21,99.20
87724,20,21,100.70
87776,20,21,59.20
87827,20,20,102.30
87878,20,21,102.40
87930,20,20,98.90
87981,20,20,95.40
88032,20,21,95.40
88083,20,21,95.80
88134,20,20,97.50
88185,20,20,96.20
88237,20,21,97.80
88288,20,20,98.50
88339,20,21,103.30
88390,20,21,103.10
88442,20,21,104.00
88494,20,20,99.10
88545,20,20,96.30
88596,20,20,95.10
88647,20,20,96.00
88698,20,21,95.60
88749,20,20,95.90
88800,20,20,95.50
88851,20,21,96.80
88902,20,21,101.10
88953,20,20,102.30
89004,20,20,102.70
89056,20,20,98.20
89107,20,21,96.70
89158,20,20,96.00
89209,20,21,95.70
89260,20,21,95.50
89311,20,20,97.00
89362,20,21,101.90
89413,20,21,102.30
89464,20,21,102.10
89516,20,21,101.60
89568,20,20,97.80
89619,20,20,95.50
89670,20,20,95.50
89721,20,20,95.70
89772,20,21,96.00
89823,20,20,97.10
89874,20,20,100.60
89925,20,21,107.20
89977,20,20,101.60
90029,20,20,96.70
90080,20,21,95.60
90131,20,20,95.70
90182,20,20,95.00
90233,20,20,98.50
90284,20,20,101.60
90336,20,20,78.60
90387,20,20,95.30
90438,20,21,95.60
90489,20,20,96.00
90540,20,21,95.80
90591,20,21,97.00
90642,20,21,102.00
90693,20,20,105.60
90744,20,20,100.80
90796,20,21,99.60
90847,20,20,102.20
90899,20,21,105.60
90950,20,20,109.80
91001,120,20,475.90
91053,120,27,408.90
91105,120,41,432.60
91157,120,51,526.50
91209,120,61,539.90
91261,120,77,524.50
91314,120,88,512.30
91366,120,113,304.60
91418,120,101,313.30
91470,120,100,395.70
91522,120,102,371.20
91574,120,103,330.50
91626,120,116,336.40
91678,120,103,337.00
91730,120,102,342.70
91783,120,103,345.20
91835,120,117,320.40
91887,120,116,318.20
91939,120,103,335.70
91991,120,103,333.20
92043,120,103,312.30
92095,120,103,327.20
92147,120,116,329.30
92199,120,101,307.10
92252,120,101,373.40
92304,120,103,325.30
92356,120,111,311.80
92408,120,102,331.40
92460,120,103,308.50
92512,120,103,318.20
92564,120,118,321.60
92616,120,103,280.90
92668,120,103,302.50
92721,120,117,283.60
92773,120,103,293.70
92825,120,117,295.30
92877,120,118,283.60
92929,120,102,295.10
92981,120,104,280.30
93033,120,109,299.50
93085,120,104,282.90
93137,120,105,293.30
93189,120,117,290.40
93241,120,104,284.60
93293,120,102,295.90
93345,120,110,280.50
93397,120,117,294.00
93449,120,115,280.90
93501,120,118,294.10
93553,120,104,280.70
93605,120,114,294.30
93657,120,108,281.00
93709,120,117,293.30
93761,120,117,281.00
93813,120,109,293.00
93866,120,117,281.00
93918,120,103,293.00
93970,120,104,280.20
94022,120,117,292.80
94074,120,103,281.30
94126,120,106,291.90
94178,120,104,282.20
94230,120,117,291.40
94282,120,103,281.80
94335,120,103,291.50
94387,120,116,284.80
94439,120,110,291.00
94491,120,103,289.00
94543,120,106,286.40
94595,120,103,289.00
94647,120,116,285.50
94699,120,103,291.80
94751,120,104,280.70
94803,120,117,291.80
94856,120,103,279.80
94908,120,118,291.40
94960,120,117,270.70
95012,120,104,269.40
95064,120,104,261.60
95116,120,104,264.90
95168,120,115,269.20
95220,120,104,259.20
95272,120,106,269.30
95325,120,104,258.50
95377,120,117,269.30
95429,120,103,259.70
95481,120,117,265.50
95533,120,117,266.00
95585,120,103,262.20
95637,120,117,268.90
95689,120,103,259.30
95741,120,113,268.70
95794,120,117,257.70
95846,120,103,268.40
95898,120,104,258.10
95950,120,117,267.40
96002,120,104,263.60
96054,120,117,262.60
96106,120,117,268.30
96158,120,103,251.70
96210,120,117,256.30
96263,120,117,245.60
96315,120,103,296.60
96367,120,104,253.70
96419,120,117,246.00
96471,120,117,256.20
96523,120,117,246.00
96575,120,114,270.00
96627,120,118,246.00
96679,120,117,257.80
96732,120,104,254.30
96784,120,117,245.70
96836,120,104,255.50
96888,120,105,244.80
96940,120,117,255.20
96992,120,105,248.60
97044,120,118,248.20
97096,120,117,255.60
97148,120,104,245.30
97201,120,104,254.90
97253,120,107,247.30
97305,120,104,247.50
97357,120,117,255.10
97409,120,117,245.00
97461,120,105,254.60
97513,120,117,249.30
97565,120,117,246.30
97617,120,103,255.00
97669,120,104,244.90
97721,120,104,254.50
97773,120,115,244.40
97825,120,117,252.70
97877,120,107,254.30
97929,120,117,244.80
97981,120,117,254.40
98033,120,105,245.60
98085,120,118,249.80
98137,120,105,254.20
98189,120,117,244.80
98241,120,117,254.30
98293,120,105,244.80
98346,120,104,248.70
98398,120,119,254.30
98450,120,116,244.90
98502,120,104,250.30
98554,120,117,254.60
98606,120,105,244.20
98658,120,117,253.70
98710,120,104,254.30
98762,120,117,244.60
98815,120,108,294.90
98867,120,118,251.20
98919,120,118,244.40
98971,120,115,254.00
99023,120,104,243.80
99075,120,117,294.10
99127,120,105,251.70
99179,120,114,244.30
99231,120,117,254.00
99283,120,117,243.90
99336,120,114,248.40
99388,120,117,254.40
99440,120,117,243.80
99492,120,104,253.80
99544,120,117,244.90
99596,120,105,248.30
99648,120,105,254.10
99700,120,118,243.90
99752,120,117,252.70
99805,120,105,253.40
99857,120,117,244.00
99909,120,116,253.70
99961,120,104,243.60
100013,120,117,252.80
100065,120,105,250.10
100117,20,104,442.90
100169,20,90,362.30
100221,20,72,445.40
100274,20,57,470.60
100326,20,45,469.70
100378,20,33,478.30
100430,20,20,487.10
100482,20,24,127.10
100534,20,22,151.20
100586,20,22,132.40
100638,20,20,129.30
100690,20,21,126.90
100743,20,21,117.70
100795,20,20,113.50
100847,20,20,120.20
100899,20,20,113.40
100951,20,20,113.30
101003,20,20,116.40
101055,20,20,105.80
101106,20,21,106.00
101158,20,21,104.00
101210,20,20,112.90
101262,20,20,106.30
101314,20,20,81.90
101365,20,20,108.50
101418,20,21,111.90
101470,20,20,106.20
101522,20,21,105.70
101573,20,20,107.70
101625,20,20,87.90
101677,20,21,116.80
101729,20,21,112.50
101781,20,21,107.20
101833,20,20,106.90
101884,20,20,117.30
101937,20,21,120.80
101989,20,21,108.60
102041,20,20,106.20
102092,20,21,103.20
102144,20,21,85.00
102196,20,21,114.40
102248,20,21,113.70
102300,20,21,106.40
102352,20,21,103.30
102404,20,20,102.30
102456,20,21,107.10
102508,20,21,114.40
102560,20,21,109.00
102613,20,20,107.50
102664,20,21,82.00
102715,20,20,102.00
102767,20,21,82.10
102818,20,21,108.60
102870,20,20,112.10
102922,20,20,106.90
102974,20,21,102.40
103026,20,21,101.50
103078,20,21,98.00
103130,20,20,98.00
103182,20,21,98.40
103233,20,20,102.60
103285,20,20,104.90
103338,20,21,105.80
103390,20,20,105.00
103442,20,21,101.90
103494,20,20,98.60
103546,20,20,98.40
103597,20,21,98.50
103648,20,20,98.60
103699,20,20,98.60
103750,20,20,98.50
103801,20,21,98.80
103853,20,20,102.50
103905,20,20,103.40
103957,20,20,103.80
104009,20,20,104.80
104061,20,21,105.30
104113,20,21,104.80
104165,20,21,105.20
104217,20,20,105.00
104269,20,21,104.50
104321,20,20,102.60
104373,20,21,100.90
104425,20,21,98.70
104477,20,21,98.60
104528,20,20,98.60
104580,20,21,105.00
104632,20,21,98.60
104683,20,20,100.60
104735,20,21,99.30
104787,20,20,100.00
104840,20,20,103.00
104892,20,21,99.70
104944,20,21,100.00
104996,20,20,99.90
105048,20,21,100.70
105100,20,21,104.20
105152,20,20,104.50
105204,20,20,104.60
105256,20,21,104.90
105308,20,21,101.60
105360,20,21,101.60
105412,20,21,102.60
105464,20,21,100.90
105516,20,21,100.20
105568,20,20,101.20
105620,20,21,102.00
105672,20,20,104.20
105723,20,21,100.90
105775,20,20,100.60
105827,20,20,101.90
105879,20,21,102.80
105931,20,21,101.10
105983,20,20,98.50
106034,20,20,98.20
106085,120,20,470.10
106137,120,27,388.90
106189,120,41,420.10
106241,120,52,501.70
106293,120,63,520.70
106345,120,76,485.70
106397,120,88,495.70
106449,120,102,291.50
106501,120,102,308.00
106553,120,116,395.10
106605,120,118,353.90
106657,120,118,346.60
106709,120,102,340.40
106761,120,103,324.80
106813,120,117,313.80
106865,120,102,312.80
106917,120,103,318.40
106969,120,117,309.00
107021,120,104,313.80
107073,120,117,317.70
107125,120,103,306.20
107178,120,116,317.50
107230,120,103,306.60
107282,120,116,317.50
107334,120,102,306.10
107386,120,116,317.40
107438,120,103,306.00
107490,120,117,316.90
107542,120,102,299.40
107594,120,118,353.80
107647,120,117,308.00
107699,120,105,312.20
107751,120,118,310.70
107803,120,103,299.60
107855,120,102,310.10
107907,120,103,299.00
107959,120,104,309.50
108011,120,102,298.40
108063,120,102,309.30
108115,120,117,303.60
108168,120,111,303.30
108220,120,104,284.30
108272,120,117,274.00
108324,120,105,283.20
108376,120,102,317.40
108428,120,117,282.30
108480,120,103,287.70
108532,120,102,275.60
108584,120,118,284.20
108637,120,104,273.60
108689,120,114,283.40
108741,120,104,273.00
108793,120,104,280.90
108845,120,114,283.40
108897,120,117,305.10
108949,120,110,283.10
109001,120,113,273.00
109053,120,116,279.00
109106,120,117,283.50
109158,120,103,272.50
109210,120,103,282.00
109262,120,116,282.00
109314,120,103,315.20
109366,120,118,282.70
109418,120,117,272.30
109470,120,114,279.80
109522,120,102,283.10
109575,120,117,271.90
109627,120,117,277.30
109679,120,103,282.80
109731,120,116,272.70
109783,120,104,282.10
109835,120,103,325.50
109887,120,103,272.10
109939,120,117,281.90
109991,120,117,280.70
110044,120,104,272.10
110096,120,102,324.40
110148,120,114,271.80
110200,120,117,276.10
110252,120,102,282.80
110304,120,118,271.30
110356,120,116,280.30
110408,120,104,282.10
110460,120,103,271.10
110513,120,117,277.80
110565,120,116,281.70
110617,120,117,270.90
110669,120,104,276.00
110721,120,117,281.70
110773,120,116,271.60
110825,120,117,273.70
110877,120,104,299.90
110929,120,103,281.00
110981,120,104,270.90
111033,120,103,281.40
111085,120,103,281.40
111137,120,103,271.00
111189,120,118,274.60
111241,120,104,280.90
111293,120,104,278.30
111345,120,104,271.20
111397,120,116,304.30
111449,120,104,281.00
111501,120,104,276.10
111553,120,103,276.80
111605,120,117,281.00
111658,120,117,322.10
111710,120,117,270.60
111762,120,104,280.10
111814,120,104,281.20
111866,120,104,270.80
111918,120,116,273.50
111970,120,105,280.60
112022,120,104,278.90
112074,120,103,271.10
112127,120,118,280.10
112179,120,117,280.90
112231,120,117,270.20
112283,120,104,272.40
112335,120,104,280.20
112387,120,116,280.30
112439,120,117,276.10
112491,120,116,270.70
112543,120,106,279.90
112595,120,104,280.30
112648,120,104,279.20
112700,120,104,269.90
112752,120,111,272.60
112804,120,117,280.10
112856,120,116,280.60
112908,120,105,269.80
112960,120,104,271.20
113012,120,103,281.00
113064,120,104,280.60
113117,120,118,271.50
113169,120,116,270.00
113221,120,117,279.20
113273,120,104,281.10
113325,120,116,270.80
113377,120,102,312.10
113429,120,118,279.90
113481,120,104,280.40
113533,120,112,272.30
113586,120,104,270.10
113638,120,104,279.10
113690,120,103,280.00
113742,120,104,276.70
113794,120,109,271.00
113846,120,104,275.30
113898,120,105,303.20
113950,120,104,280.10
114002,120,104,269.80
114055,120,103,273.10
114107,120,104,279.10
114159,120,117,280.30
114211,120,116,270.70
114263,120,104,294.10
114315,120,103,278.30
114367,120,106,279.60
114419,120,103,285.60
114471,120,104,269.20
114524,120,118,272.40
114576,120,117,321.80
114628,120,117,280.00
114680,120,104,269.30
114732,120,103,296.20
114784,120,117,304.10
114836,120,117,334.00
114888,120,117,269.00
114940,120,118,273.40
114993,120,103,280.20
115045,120,104,280.10
115097,120,104,269.30
115149,120,104,269.60
115201,120,117,306.50
115253,120,116,296.00
115305,120,117,272.60
115357,120,112,310.70
115409,120,104,274.90
115461,120,104,306.80
115513,120,117,288.20
115565,120,116,278.30
115617,120,118,291.80
115669,120,104,299.80
115721,120,104,297.30
115773,120,103,279.00
115825,120,104,280.70
115877,120,115,310.60
115929,120,108,295.60
115981,120,117,337.50
116033,120,104,273.20
116085,120,104,278.30
116138,120,104,291.80
116190,120,104,299.40
116242,120,103,285.10
116294,120,102,317.50
116346,120,118,281.90
116398,20,104,478.30
116450,20,91,374.80
116502,20,72,469.60
116554,20,58,489.20
116607,20,46,487.20
116659,20,34,509.10
116711,20,22,508.90
116763,20,20,156.50
116815,20,22,150.00
116867,20,20,131.50
116918,20,20,113.50
116970,20,21,136.20
117022,20,22,119.60
117074,20,20,121.90
117127,20,21,115.70
117178,20,21,124.50
117230,20,21,115.90
117282,20,21,121.90
117334,20,21,115.40
117386,20,21,119.10
117438,20,21,114.50
117490,20,21,120.80
117542,20,21,108.90
117594,20,21,116.00
117646,20,20,104.20
117698,20,20,113.70
117749,20,21,108.60
117802,20,20,100.70
117854,20,20,110.50
117906,20,21,100.60
117958,20,20,109.10
118010,20,21,107.90
118062,20,20,97.10
118114,20,20,105.30
118166,20,20,100.50
118218,20,20,97.00
118271,20,21,106.50
118323,20,21,101.30
118375,20,20,97.00
118427,20,21,108.90
118479,20,21,100.20
118531,20,20,97.00
118583,20,21,107.70
118635,20,20,100.00
118687,20,21,97.20
118739,20,20,105.00
118792,20,20,103.50
118844,20,21,97.50
118896,20,21,99.90
118947,20,20,105.20
118999,20,20,97.10
119050,20,21,96.50
119102,20,20,105.40
119154,20,20,96.80
119206,20,20,96.70
119258,20,21,100.20
119310,20,21,102.80
119362,20,20,96.90
119414,20,20,96.80
119466,20,20,103.30
119518,20,20,101.80
119569,20,21,97.20
119620,20,21,96.90
119671,20,21,103.20
119723,20,21,63.20
119774,20,21,101.00
119826,20,20,101.20
119878,20,20,103.00
119930,20,21,107.50
119982,20,20,103.20
120034,20,20,100.90
120085,20,20,101.10
120137,20,20,102.10
120189,20,21,107.80
120242,20,21,102.30
120294,20,21,100.80
120346,20,20,101.30
120398,20,21,102.40
120449,20,20,106.30
120501,20,20,107.70
120553,20,20,102.40
120605,20,20,101.50
120657,20,20,101.10
120708,20,20,103.10
120760,20,20,107.90
120812,20,21,113.90
120864,20,21,116.10
120917,20,21,115.00
120969,20,21,101.00
121020,20,21,103.20
121072,20,20,103.00
121124,20,20,107.50
121176,20,20,112.80
121228,20,21,115.80
121279,20,21,111.00
121331,20,21,105.60
121383,20,20,101.80
121436,20,20,101.20
121488,20,21,104.40
121539,20,21,103.50
121590,20,21,111.40
121642,20,20,111.30
121694,20,20,104.00
121746,20,21,67.60
121798,20,21,97.60
121850,20,21,97.90
121901,20,20,98.30
121952,20,20,104.20
122004,20,20,106.00
122056,20,21,103.10
122108,20,21,98.70
122161,20,21,97.30
122212,20,20,97.10
122263,20,21,97.40
122314,20,21,99.80
122365,20,21,102.10
122418,20,21,104.10
122470,20,20,103.30
122522,20,20,100.70
122573,20,20,98.20
122625,120,20,443.50
122677,120,26,402.70
122729,120,41,421.40
122781,120,51,507.50
122833,120,60,514.10
122885,120,75,504.50
122937,120,87,488.60
122989,120,104,275.20
123041,120,116,316.60
123093,120,104,361.80
123145,120,101,432.60
123197,120,116,351.70
123249,120,102,333.70
123301,120,116,344.90
123353,120,117,329.70
123405,120,103,338.40
123457,120,101,379.50
123509,120,104,303.60
123562,120,104,293.60
123614,120,116,303.70
123666,120,103,292.20
123718,120,102,303.00
123770,120,117,295.50
123822,120,103,299.60
123874,120,116,303.40
123926,120,103,291.40
123978,120,103,302.10
124031,120,118,300.90
124083,120,117,291.50
124135,120,102,302.00
124187,120,118,294.80
124239,120,118,293.20
124291,120,117,302.00
124343,120,117,294.10
124395,120,116,288.60
124447,120,116,295.30
124499,120,104,285.90
124552,120,104,286.40
124604,120,118,301.20
124656,120,117,292.60
124708,120,116,284.40
124760,120,103,326.60
124812,120,103,295.30
124864,120,103,284.10
124916,120,118,288.90
124968,120,116,294.40
125021,120,104,291.20
125073,120,103,284.30
125125,120,103,294.10
125177,120,118,294.80
125229,120,104,284.00
125281,120,104,291.40
125333,120,104,293.80
125385,120,109,294.20
125437,120,117,286.70
125490,120,118,283.50
125542,120,116,290.80
125594,120,116,294.00
125646,120,105,293.70
125698,120,103,283.00
125750,120,104,283.00
125802,120,116,291.60
125854,120,116,293.30
125906,120,117,293.60
125959,120,104,283.40
126011,120,104,282.90
126063,120,104,287.40
126115,120,103,293.00
126167,120,117,292.80
126219,120,115,289.70
126271,120,118,281.60
126323,120,117,289.10
126375,120,116,291.20
126428,120,116,292.40
126480,120,106,292.50
126532,120,103,285.50
126584,120,103,281.60
126636,120,103,285.90
126688,120,103,292.00
126740,120,103,292.20
126792,120,104,292.40
126844,120,117,283.80
126897,120,118,281.90
126949,120,102,282.80
127001,120,111,290.90
127053,120,118,291.50
127105,120,110,292.30
127157,120,103,285.40
127209,120,104,281.20
127261,120,117,281.70
127313,120,107,288.30
127365,120,116,316.30
127417,120,118,332.20
127469,120,103,289.50
127521,120,117,281.30
127573,120,104,296.10
127625,120,103,303.10
127677,120,104,310.50
127729,120,113,318.20
127781,120,106,310.30
127833,120,104,297.00
127885,120,103,290.10
127937,120,103,287.90
127989,120,104,297.50
128042,120,104,303.50
128094,120,104,311.70
128146,120,103,302.20
128198,120,114,342.80
128250,120,104,290.10
128302,120,103,280.60
128354,120,103,274.20
128406,120,117,273.90
128458,120,103,282.20
128511,120,106,294.10
128563,120,111,300.20
128615,120,112,301.90
128667,120,104,299.40
128719,120,117,291.50
128771,120,117,280.00
128823,120,117,271.80
128875,120,109,276.20
128927,120,116,283.70
128979,120,107,292.40
129032,120,109,298.50
129084,120,116,300.40
129136,120,116,328.20
129188,120,118,289.10
129240,120,103,324.10
129292,120,117,271.00
129344,120,117,282.10
129396,120,117,282.10
129448,120,109,290.20
129501,120,107,296.60
129553,120,116,300.60
129605,120,108,299.10
129657,120,117,340.30
129709,120,104,282.00
129761,120,104,274.90
129813,120,116,272.30
129865,120,116,276.10
129917,120,104,283.00
129970,120,117,290.40
130022,120,117,302.90
130074,120,117,300.10
130126,120,104,298.90
130178,120,103,336.60
130230,120,117,285.30
130282,120,104,279.40
130334,120,104,275.10
130386,120,104,270.30
130439,120,104,272.70
130491,120,105,277.30
130543,120,117,293.00
130595,120,110,291.00
130647,120,117,291.90
130699,120,103,296.30
130751,120,104,298.00
130803,120,117,291.70
130855,120,103,294.00
130908,120,104,289.70
130960,120,102,313.50
131012,120,103,280.50
131064,120,103,280.00
131116,120,103,273.90
131168,120,104,251.70
131220,120,117,218.50
131272,120,117,203.30
131324,120,106,196.30
131377,120,107,190.80
131429,120,107,193.10
131481,120,106,196.20
131533,120,109,146.80
131585,120,109,136.20
131637,120,118,133.30
131689,120,118,137.50
131741,120,118,102.10
131793,120,119,76.90
131845,120,119,66.70
131897,120,119,62.00
131949,120,119,56.60
132001,120,119,47.70
132053,120,114,40.50
132105,120,120,34.40
132157,120,120,25.30
132209,120,120,16.30
132261,120,116,15.10
132313,120,120,4.00
132365,120,120,4.00
132417,120,120,3.90
132469,120,120,4.00
132520,120,120,3.90
132573,120,120,3.90
132625,120,120,4.00
132677,120,120,3.70
132729,120,120,14.50
132781,120,120,17.20
132833,120,120,18.30
132885,120,116,19.40
132937,120,120,19.50
132989,120,121,18.30
133042,120,120,19.40
133094,120,120,15.50
133146,120,118,15.30
133198,120,120,15.50
133250,120,121,16.80
133302,120,120,15.60
133354,120,120,15.60
133406,120,120,15.90
133458,120,121,12.80
133511,120,120,15.50
133563,120,120,14.70
133615,120,120,16.20
133667,120,121,15.90
133719,120,120,15.40
133771,120,120,14.30
133823,120,120,15.40
133875,120,115,15.70
133927,120,120,16.70
133980,120,121,15.50
134032,120,120,15.60
134084,120,121,15.60
134136,120,117,15.60
134188,120,120,15.40
134240,120,120,3.80
134292,120,120,16.70
134344,120,120,15.50
134396,120,119,15.30
134449,120,120,15.40
134501,120,120,15.70
134553,120,120,15.40
134605,120,120,15.40
134657,120,120,14.80
134709,120,120,15.40
134761,120,120,3.90
134813,120,117,15.60
134865,120,120,16.00
134917,120,118,15.30
134969,120,121,16.50
135021,120,120,4.00
135072,120,121,16.70
135125,120,121,16.00
135177,120,119,15.70
135229,120,120,16.40
135281,120,120,16.20
135333,120,120,15.70
135385,120,119,15.10
135437,120,119,15.20
135489,120,121,15.60
135541,120,120,3.80
135594,120,120,14.90
135646,120,120,15.50
135698,120,120,15.60
135750,120,120,14.70
135802,120,120,17.30
135854,120,120,3.90
135906,120,119,17.70
135958,120,121,4.50
136010,120,121,17.90
136063,120,120,14.80
136115,120,121,18.50
136167,120,120,18.40
136219,120,121,17.80
136271,120,120,18.30
136323,120,119,16.90
136375,120,120,18.00
136427,120,120,17.10
136479,120,121,17.50
136531,120,120,17.60
136584,120,120,17.20
136636,120,120,17.50
136688,120,116,16.40
136740,120,120,4.20
136792,120,120,15.90
136844,120,120,16.00
136896,120,120,15.30
136948,120,121,15.80
137000,120,121,16.20
137053,120,120,16.40
137105,120,120,16.60
137157,120,120,16.90
137209,120,121,17.10
137261,120,120,4.20
137313,120,120,15.60
137365,120,120,14.70
137417,120,120,15.40
137469,120,121,15.70
137522,120,121,12.90
137574,120,121,14.80
137626,120,120,16.80
137678,120,121,17.20
137730,120,118,16.10
137782,120,120,15.20
137834,120,120,15.30
137886,120,120,15.40
137938,120,120,11.40
137991,120,120,15.90
138043,120,120,16.90
138095,120,120,17.30
138147,120,120,14.90
138199,120,120,4.00
138251,120,120,15.60
138303,120,120,14.90
138355,120,120,15.50
138407,120,121,17.10
138460,120,117,16.80
138512,120,120,15.50
138564,120,118,16.60
138616,120,118,17.00
138668,120,121,17.50
138720,120,120,17.30
138772,120,120,20.20
138824,120,120,17.80
138876,120,120,18.00
138929,120,120,18.30
138981,120,120,18.50
139033,120,121,18.60
139085,120,121,18.50
139137,120,115,20.10
139189,120,121,18.50
139241,120,121,13.10
139293,120,121,18.40
139345,120,121,18.30
139397,120,119,18.20
139449,120,121,20.50
139501,120,121,12.90
139553,120,119,18.60
139605,120,121,18.30
139657,120,120,18.30
139709,120,121,18.20
139761,120,121,20.10
139813,120,120,18.40
139865,120,120,17.30
139917,120,120,18.40
139969,120,120,18.30
140021,120,120,14.60
140074,120,121,18.30
140126,120,121,18.20
140178,120,116,18.50
140230,120,121,18.40
140282,120,121,20.30
140334,120,121,18.20
140386,120,120,17.30
140438,120,120,18.60
140490,120,120,12.90
140543,120,120,14.20
140595,120,119,13.30
140647,120,121,17.20
140699,120,120,18.50
140751,120,116,18.30
140803,120,116,19.50
140855,120,121,12.90
140907,120,120,17.70
140959,120,120,17.50
141011,120,121,17.60
141064,120,120,17.00
141116,120,120,16.60
141168,120,120,15.40
141220,120,120,14.80
141272,120,120,15.30
141324,120,120,13.10
141376,120,120,3.70
141428,120,120,3.90
141480,120,120,3.80
141533,120,120,21.50
141585,120,120,21.60
141637,120,119,23.60
141689,120,120,19.90
141741,120,120,23.70
141793,120,120,20.90
141845,120,121,21.70
141897,120,119,26.50
141949,120,120,24.80
142002,120,120,25.70
142054,120,115,27.80
142106,120,117,30.90
142158,120,119,29.90
142210,120,120,28.30
142262,120,120,42.10
142314,120,119,37.70
142366,120,119,35.90
142418,120,117,36.00
142471,120,119,41.20
142523,120,119,51.60
142575,120,119,54.40
142627,120,120,40.60
142679,120,120,44.80
142731,120,119,42.80
142783,120,114,39.90
142835,120,119,43.90
142887,120,119,45.00
142940,120,119,40.10
142992,120,119,40.30
143044,120,120,42.20
143096,120,120,39.50
143148,120,119,37.90
143200,120,120,40.80
143252,120,119,40.10
143304,120,119,37.20
143356,120,119,40.60
143409,120,120,39.70
143461,120,120,37.70
143513,120,114,39.50
143565,120,119,40.60
143617,120,120,37.80
143669,120,119,37.60
143721,120,114,40.00
143773,120,119,37.40
143825,120,119,38.30
143877,120,120,41.40
143929,120,119,37.00
143981,120,120,37.30
144033,120,120,42.10
144085,120,120,37.30
144137,120,119,37.50
144189,120,117,40.90
144241,120,119,37.20
144293,120,120,37.30
144345,120,119,39.90
144397,120,119,37.50
144449,120,119,37.50
144501,120,120,51.00
144554,120,116,37.60
144606,120,119,37.40
144658,120,118,35.40
144710,120,120,39.20
144762,120,119,50.50
144814,120,119,35.40
144866,120,114,41.00
144918,120,118,35.30
144970,120,120,35.30
145023,120,120,53.70
145075,120,119,35.30
145127,120,115,35.80
145179,120,119,35.40
145231,120,119,36.80
145283,120,119,51.10
145335,120,115,35.20
145387,120,119,39.90
145439,120,120,35.20
145491,120,114,35.40
145544,120,119,42.70
145596,120,120,35.30
145648,120,119,35.40
145700,120,120,35.20
145752,120,114,36.20
145804,120,119,35.30
145856,120,120,33.70
145908,120,114,30.10
145960,120,120,14.10
146013,120,120,3.80
146064,120,119,16.60
146116,120,120,19.80
146168,120,121,23.70
146220,120,121,29.20
146272,120,117,30.00
146324,120,116,32.10
146376,120,121,39.20
146428,120,121,39.70
146481,120,121,42.20
146533,120,121,45.20
146585,120,121,42.00
146637,120,121,42.10
146689,120,121,47.50
146741,120,121,44.00
146793,120,116,46.90
146845,120,121,46.00
146897,120,121,46.40
146949,120,121,47.10
147001,120,121,49.90
147053,120,121,43.80
147105,120,122,42.00
147157,120,121,45.60
147209,120,116,42.20
147261,120,121,42.00
147313,120,121,46.30
147365,120,121,41.90
147417,120,121,42.40
147469,120,121,48.40
147521,120,121,28.50
147573,120,121,44.90
147626,120,116,40.60
147678,120,120,43.00
147730,120,122,43.40
147782,120,121,40.10
147834,120,118,44.00
147886,120,122,40.70
147938,120,120,45.90
147990,120,121,45.30
148042,120,121,40.30
148095,120,121,46.80
148147,120,121,44.90
148199,120,121,40.50
148251,120,121,44.10
148303,120,122,44.90
148355,120,116,40.20
148407,120,119,40.60
148459,120,120,45.00
148511,120,121,44.50
148563,120,121,39.90
148616,120,121,40.30
148668,120,119,45.00
148720,120,121,42.90
148772,120,116,29.10
148824,120,121,42.30
148876,120,121,44.60
148928,120,116,40.10
148980,120,121,41.30
149032,120,122,44.60
149085,120,121,39.90
149137,120,115,40.30
149189,120,121,44.90
149241,120,121,40.00
149293,120,121,39.80
149345,120,116,44.20
149397,120,121,41.00
149449,120,121,39.60
149501,120,122,40.20
149554,120,119,43.30
149606,120,115,39.90
149658,120,120,39.60
149710,120,121,44.70
149762,120,121,39.60
149814,120,121,39.90
149866,120,121,41.80
149918,120,120,40.10
149970,120,121,39.80
150023,120,122,40.00
150075,120,122,43.00
150127,120,121,39.40
150179,120,120,39.60
150231,120,122,43.40
150283,120,121,39.80
150335,120,121,39.80
150387,120,122,41.30
150439,120,121,40.60
150492,120,121,40.00
150544,120,122,40.20
150596,120,121,40.70
150648,120,116,39.70
150700,120,115,40.60
150752,120,121,40.20
150804,120,122,40.00
150856,120,121,42.40
150908,120,121,39.80
150961,120,122,40.10
151013,120,122,43.70
151065,120,122,39.40
151117,120,121,40.00
151169,120,116,43.80
151221,120,121,40.00
151273,120,121,40.10
151325,120,121,43.40
151377,120,121,40.10
151429,120,115,39.90
151481,120,121,43.90
151533,120,121,39.90
151585,120,121,39.70
151637,120,121,44.10
151689,120,121,40.20
151741,120,121,39.90
151793,120,121,42.70
151845,120,116,40.10
151897,120,121,40.10
151949,120,122,40.30
152001,120,117,40.00
152053,120,122,40.30
152106,120,121,40.20
152158,120,121,39.90
152210,120,117,40.70
152262,120,116,40.10
152314,120,121,40.00
152366,120,121,44.00
152418,120,121,39.90
152470,120,121,40.10
152522,120,117,43.90
152575,120,122,40.00
152627,120,121,39.90
152679,120,115,44.30
152731,120,118,39.70
152783,120,121,39.90
152835,120,121,42.10
152887,120,121,40.20
152939,120,121,41.30
152991,120,119,39.80
153043,120,121,40.00
153096,120,121,43.60
153148,120,121,39.50
153200,120,121,39.90
153252,120,122,44.00
153304,120,121,39.80
153356,120,121,40.20
153408,120,121,44.80
153460,120,120,40.90
153512,120,122,40.10
153565,120,121,41.10
153617,120,122,40.00
153669,120,121,45.80
153721,120,121,41.00
153773,120,121,40.20
153825,120,121,45.50
153877,120,121,40.20
153929,120,121,42.80
153981,120,121,45.40
154034,120,122,40.60
154086,120,121,43.80
154138,120,121,45.50
154190,120,116,40.10
154242,120,121,43.60
154294,120,121,42.60
154346,120,121,40.30
154398,120,121,45.30
154450,120,121,42.80
154503,120,122,40.30
154555,120,121,43.40
154607,120,121,44.20
154659,120,120,40.30
154711,120,122,40.40
154763,120,121,44.30
154815,120,121,40.10
154867,120,121,40.10
154919,120,121,44.20
154972,120,121,40.00
155024,120,121,40.60
155076,120,121,43.80
155128,120,122,40.30
155180,120,121,40.80
155232,120,121,41.50
